y,X1,X2,X3,X4,X5,X6,X7,X8,X9,X10,X11,X12,X13,X14,X15,X16,X17,X18,X19,X20,X21,X22,X23,X24,X25,X26,X27,X28,X29,X30,X31,X32,X33,X34,X35,X36,X37,X38,X39,X40,X41,X42,X43,X44,X45
8.53614526139711,-1.53541286270775,0.718887716579649,-2.09914873689205,-0.44284226327419,-0.598978298179488,-1.6425736851386,0.20775517567518,0.760642256791458,0.575873594985,0.865597897336114,-0.63608066941628,0.129366448200585,0.0753053124748542,-0.606299697966768,-1.04845088131179,-1.10312370948493,0.24840693478,-0.270258552619713,0.921521966155315,0.124210439642479,2.25435721469254,1.11790243266752,-1.19309295755243,1.18486261383594,-0.255876566733327,-1.96855381093339,-0.532947293054757,0.133183201822901,-0.850382769280001,0.0214006942306965,-0.682827270545902,-1.96179696615982,0.62135205197059,0.427960398408683,-0.0857865502044478,-1.56276055128931,0.251446261502544,1.6671036062521,-1.12296088205985,1.37188670606979,0.361865894151748,1.79309752038931,-0.631286602237046,-0.0617506805075643,0.511048545190011
4.8083442679342,-1.73460938477906,0.551981259433932,-2.14767300479725,-1.5529438144213,1.51490978433767,-1.14397209940114,0.737594120507905,1.32124258954903,-0.26168416323352,1.83892960429772,0.666175748607159,0.19314029840572,0.0132748738603174,1.53902343189883,-0.66879602410315,-0.301714332633481,0.401703216539923,-1.20468341685742,-0.0003805180911384,0.164128911227767,1.16441414065448,1.47935529707716,-0.603862540057712,-0.163034185223309,0.67997129505503,-0.771284787879811,-0.299051483932949,-0.0591778518257018,0.650733477113119,0.643853448182606,0.269409799932609,-1.39776380119865,0.985346676121759,0.753908134047891,0.528323884792379,0.207687343862265,-0.335827960194331,0.91453631792045,-0.674543042752524,-0.890556967885545,-0.677984584329305,-0.165679257737927,0.0654046524089275,0.13716168768042,1.25819731134426
-1.5304265698463,0.0972566647279417,0.107634348157882,-0.19422230067022,0.335453788545085,-0.40819896720135,0.133264820997125,0.706179351642211,0.394970947668449,-0.437115984291038,-1.10533355525459,1.74516403140405,-1.05295863067556,-0.696445925249238,-0.114860264087035,0.621810423323881,0.0300266611403047,-0.501700248356137,-0.267356457993679,-0.0596347230097097,-0.408903753794654,0.947342897122328,-0.56993656867624,-0.184190555509138,-0.726637122761241,-0.939584199518043,0.252931839715687,-1.37078032889891,0.194198962385087,-1.05400635124948,-1.24604562970905,-1.09924094952462,1.20055847372842,-0.820484949079991,0.274016953191005,0.0134458114790849,1.03001390244024,0.0223546765868992,0.180314527939875,0.523362798831912,0.159938258661484,1.10880119376833,0.33379080364036,0.282054881015008,-1.08629388657995,-0.115354196173918
-0.428242607458153,-0.0677023800983546,0.557835642121149,0.700847536195583,-1.12137580052136,1.72227431268494,0.61352530708298,0.700908841616152,-0.417975736813484,1.06974874992599,-0.314317662331017,-0.847820978678824,1.37443726421644,0.642134202361429,0.0442440731213941,-0.27002247915333,0.309104923745439,0.354700851152271,2.04893408315704,0.530819454977247,-0.785773552157159,-0.562194696666265,-0.865337932817505,-1.78197435180856,-1.02205288015452,0.610340446458356,0.490497204250253,0.433004747022041,-0.542905720284233,0.103796108650204,0.785188210768166,-1.45257720860516,1.37086715541874,1.91507248663407,0.787386666041927,-0.136379976343572,-0.736096865496609,-0.644299985950814,-0.901910564563715,-0.0152578581867673,-1.79582502172293,0.692511164918183,-0.350989913285235,0.624558063329747,0.434520048975209,-0.367408706611091
0.56669419206224,0.488728856998118,0.211483074370829,0.568388721318002,0.646836851497634,0.163867942792461,-0.0021519368539327,0.125137028754173,0.493571360843278,1.70545131937117,0.431450729955999,-2.28164107823186,0.143786905310539,0.4120022911374,0.12002637271552,-0.700231919973322,-0.181631799951113,0.706715483549336,0.550990972209806,-0.437507445436635,-1.90954785246753,-0.508240813248159,1.07109749631541,-1.4721407104203,0.662152336948504,0.538650771299625,0.446393153878494,-0.244938366591972,1.86687798570485,0.256342660552593,0.678934860604722,-1.02743511524988,-0.070194383648564,1.07148712896937,-0.0170043971160744,-0.790935822942143,0.54764663086931,0.322900555187164,-0.0843686780480883,-1.55857696529297,-0.891204278052365,-0.0006045123016861,1.07528027343847,0.182280704250085,-1.13845781723893,0.106091828785253
-3.21157174129746,1.15843529484657,0.339871010179526,-0.8377303685883,2.33083670364635,0.302705077528784,-1.08839475766334,1.619430679421,0.899885030135893,2.46884701750754,2.16647716069171,0.744660834449143,-2.43667495626687,-1.02728674756824,0.901650692780662,-1.06882428625004,1.47623405439339,0.0996190471171641,-0.600394144902663,-1.18200624773156,-0.181337295165675,-1.93594598720457,0.541802121860547,-0.046071919156144,0.319344588479117,-2.22136985005673,1.79805925993012,0.208869830632006,-0.977830183281851,0.536054880882969,-0.983314706624061,0.159809275690872,-0.980893833945127,-1.63128375912605,-0.858280330896817,0.705607762327487,1.00775762344642,-1.11143912719769,-0.846671503261682,-0.5569838836128,1.05814406798124,-0.0384135415958133,-1.93534160404536,0.506042620165524,-1.05999216304888,1.42890925941845
-0.515562241877031,0.945354290688534,-0.703538993500452,0.529602869107872,0.0006513659538028,-0.551505834018623,-0.556060535379348,0.0012068417617769,-0.316895236862551,-0.610185576383341,1.43126416017493,0.392555355672254,-1.65092662640981,-0.246873338061709,-0.568453034665019,0.209410512148255,-0.254944346521171,-0.032608527317104,-0.891973098420936,-0.753499815878484,-0.371624132932505,1.27952289941835,0.965556595541836,1.99682699287594,0.625567020225087,-1.66186411986374,-0.923540177383458,0.393708590515264,-0.137252199384996,0.450860638656367,0.248375442398275,0.274560452378444,-0.597855071476868,0.0561088264731249,-0.617774283708433,0.204929820432441,0.404892993123165,0.986824112694156,-0.231244361458474,1.11494535309271,0.214337513447295,-0.310169501447192,-1.44739158675068,-0.584738416358952,0.0813603158184199,-0.186651970832757
-3.29430284348155,-1.14649026141201,0.311669848413015,0.168254622829368,1.28913899147137,0.853478275943024,1.94939333616178,-0.863235185236491,-0.0770653309981087,0.721773846129488,-0.504076884271123,-0.292125950400922,-0.0088932388301306,-0.739974823780548,0.485343915536081,0.864062657367696,-0.263291173140095,0.729950063395625,-0.0891847615053708,-0.57784360439008,1.2819018428289,-0.669229962236377,-0.722626576933027,-0.814078167213499,-1.8538878606275,1.25497382321239,1.80088622536183,-0.700118804184992,0.232651863646049,-0.713005889596218,-0.70270805930474,1.52359014316358,1.14026694548936,1.47775922364269,-0.111490507287933,-0.495154766019232,0.294559859136734,0.176969334517434,1.08114648301062,-1.09659483934782,0.853886555588335,-0.25017019976722,0.0387608528307211,0.307165636431661,1.64396427938301,0.505627698041058
-1.62033641768015,0.651994495771677,0.463546282292058,-0.509759915369034,1.06693126006506,1.23753289339042,-0.472668476271603,-0.519101630061625,1.4009693023154,-1.61004062735295,-0.406884436254084,0.71833403025778,1.09863726816965,0.743309682727719,2.25743497011267,0.139372520570993,-0.085039998816451,-1.61718033284417,1.31024304670977,-0.270903834913037,-0.755595192101275,1.77598426139004,-0.126802642262182,0.937456332319004,-0.779325139834247,1.52010169369885,1.54444329702186,-0.287341740485799,0.306364233071198,-0.36114219750648,-0.255623064157522,0.377155073730777,-0.750070975420363,1.77107324679648,0.34260917935918,0.150319248581315,-2.17403780380115,1.33506970746777,0.713612590596883,0.276423458647402,0.576124624335426,-0.651612183249632,1.62214549249568,2.36437003071082,-0.113947579420635,-1.52008434047452
-6.52525263111955,-1.22472016812269,0.921789867177505,-2.04560986196818,0.549497410524916,0.0427941542024218,1.19486429162694,1.19246605111407,1.43308999030998,1.44012450868437,-0.104165786457749,0.741206278138226,-1.03118243572645,0.551556703679581,-0.771644313162796,1.66146569980409,1.59809092306436,0.0890413450279041,0.994350117843068,-1.25476650223062,1.00850524871543,-0.899911378638335,1.20649081944887,-0.0365637826197064,0.380714827623851,-0.481143505928781,2.24889170900211,0.131377362831658,-0.952104132489094,-0.391676258321095,1.12660391136632,-0.826387271048272,2.49887126740963,0.334359986426544,-1.55492198440448,-1.02133337963492,-2.93535753740087,-1.0135235579158,0.907832282718903,0.4897866533216,0.305308423087283,0.454431885709061,-0.308612138325004,0.593340564707283,0.142871953088927,0.577756203336191
5.3213752005515,0.797364056535051,-1.22902044154848,0.266421246706488,0.390450463706168,-2.09002486330548,-1.37911113196605,0.113345483549244,-0.992621539197697,-0.25034053818474,-0.863696138891084,-0.87725209972716,-0.755120457339775,0.470020614845158,0.672628662182789,-1.23904163773199,-1.2259701448789,-0.824265864360681,-0.001348593324662,-1.12833351923192,-0.283025934108276,0.917995671803667,-1.75192764852864,-0.0132233956288643,1.43435629593908,0.0061762366307099,-0.964154763023164,0.428686703260663,2.03088935362331,1.9297236925193,0.263874936898173,0.364316621379833,-1.31832788690904,-1.49857522189225,0.471831492103777,0.776465807400282,0.0276877486031257,0.838390926831443,-0.235745025130526,0.15377423679137,-0.23850431548955,0.298597746849775,1.07920476423518,-0.495667602418075,-0.610746820390365,-0.245058589962097
-1.27890772389328,0.634654143406789,-0.832832582108201,0.822137673703541,-0.0847874118398784,0.332719015515799,0.608673060555984,0.856128186376455,0.271350403169166,-0.38482627226909,0.355202438377206,-0.791231849379208,-2.69004715047201,0.286438224843052,-0.886757888883175,0.742210570275151,0.0171759690302876,0.395553480001744,-1.05173731353806,-0.287036822652095,-0.639646065745545,0.45866465433183,-1.59915176082088,0.538155120790865,0.0500665046012249,-1.52539229231923,0.697955327065508,1.478405321336,0.40356221125808,0.582036053795738,0.575043361723159,-0.887445792098838,-0.381513884844978,-0.730047698853308,-0.564813097305859,0.650008143661731,-0.323684805994333,0.0949385772484105,-0.278922285937899,0.608556283683183,0.276141095946857,-0.479459274216944,-0.789868965241927,-0.334735289074213,-1.2326897792922,0.66119821565425
-3.26010332802436,-0.0832767243765138,-0.667094964435583,0.380852453000865,0.84178778686167,-0.353196178289897,0.0249832685827773,0.170088360238837,0.238899764998365,1.27442601607278,0.106839623362002,-0.860242262668924,0.632045756586857,1.1476376182967,-1.41408914007394,0.111131414182134,2.43524772750212,1.11627712972174,0.665363901780572,1.02855589444516,0.483970279546311,-2.25896442180047,1.56813162518151,-0.283567799472427,0.783995923694048,-1.45316651294876,0.834432468878678,0.29599892529924,-0.304846624901924,-1.75841143108802,0.448110374340073,0.516064647258716,1.32999029839677,-0.267222335719446,-1.16176858633785,-1.17227681443765,0.0148056412448151,-0.861588047400291,-0.721464650905608,-0.323237387064764,-0.48818912535663,0.157299437839489,-0.648794225795011,-0.306116091091118,-0.138320477245922,-0.059841938669518
-1.5713441058613,0.0264085830119592,0.755286639277455,0.615755665037754,0.0711532876771603,0.513913738334139,-0.846150815534898,-2.09259678039353,0.617009742950756,0.700131116068002,1.38453359596139,-0.439711742086697,1.18252029065744,-0.612420239330459,0.385289497735517,0.236773797504418,0.265486727184034,0.554104859953623,-0.126477584113706,-1.2236278225177,-0.447920221913301,1.24323751697252,0.236336168909312,0.429497173900822,-0.690043066167856,-0.584700993973731,0.0449008558366619,0.678064923880681,-0.386950621768779,0.0695415561557826,0.73277017199614,0.0216571131914129,0.744220857877364,-0.123539102153003,-0.209706470087878,1.10669840380489,0.118686949208068,0.403521652182429,-0.388268412930692,0.0371834569692985,0.890725541263396,-1.73679483098968,0.0949251682004459,0.0500069725616542,1.1609974911047,1.33481135794184
-0.604070688137484,-0.88330625540028,0.686700149013613,-2.08926224414982,0.835920664293402,1.6479045663897,-1.76788865796311,0.606801700984477,1.02982510890542,1.64853378428419,-0.695431312263433,1.90489110871739,0.846271985154133,-0.304127943697712,-0.914006018096288,-1.23557577745821,0.136022377966314,0.0873388131920077,-1.04061627594272,-0.661758278565352,-1.27582426035873,0.698436918844574,0.890588041903032,-0.324383299506614,0.0342513703562057,1.12616528914386,-0.147414278549019,0.352826972923281,-0.28951660730925,-1.23675392549031,-0.892577904032781,-1.13897425435456,0.308096041422417,0.448826147004746,1.25423931325699,-0.508269070865555,0.0962114136685343,-0.181140255496679,-1.09628146928083,-1.16546181003234,-0.771583142757514,-1.24552446305416,0.233026544070364,1.42419305841473,-0.266220626389722,-0.880596085257704
2.82490826538948,0.492854842863819,-1.32253297104685,-1.71636328745258,0.58280036802365,0.23001944779775,-1.45391735888629,0.341165888057411,-0.24539916327319,-1.42931627094983,-1.17932051207183,-0.542156403341428,-0.148778940579294,-0.681962666442459,0.258571257229303,1.01147599490208,2.13946421815018,-0.255994190479867,-0.978700154421468,-0.0248233404075351,-1.05318585092232,0.454721433909654,-0.0951469006108106,-0.386534713468963,-0.78439075264725,1.09506453600327,0.264045836206609,-0.602331322329545,1.02881955842331,0.588049171458722,-0.0689349576343953,0.508898274189838,-0.0209441964097857,0.285905154188564,1.3545924029714,1.25387194057366,-0.0917399411764749,2.20345898210694,0.159285436768576,-0.988818628528138,-1.04977409669105,0.20848361734504,1.59148407780778,-0.324277602385287,0.289207528428346,-1.53486511235929
4.4625341372211,-1.09968423559971,-0.748004154343723,-1.19559812875109,0.450528853068981,-0.179077186160164,0.105705269533909,0.586505252234496,0.26884284908885,-2.32797440161958,-1.91694718000799,-0.523373565447218,0.708242703380345,0.632365869504883,-0.104468299314964,0.773662058261948,-0.965880923204435,1.66128433572938,1.28997334740932,-0.403935931261295,-1.00244398531693,-0.0765210897097046,-1.97706220961429,-0.881458346414629,-0.791175842470836,0.188917983379694,1.69207509072963,-0.744008167412548,0.75258194966174,0.469255736263169,-0.960720940679079,-2.17932160892731,-0.147904637365444,-0.739500383455262,2.04181626751348,1.78964005039564,-1.20278912049752,-0.59453381322597,0.0387194538877643,-0.29191946453828,-0.887833725577266,1.89703736471255,2.55633145172228,2.01396511242087,-0.932463125604672,0.671739298443437
2.5905957794082,0.167782466314245,0.203281838281392,0.834096352804509,-0.138721286568235,1.28121962551377,1.434839377878,-0.0524839894850795,1.4716019956574,0.784304472410275,0.06328381601418,-0.0671540776244881,0.932396907934748,-1.34281283777515,-0.252882232678017,-1.61804660348029,-1.29336890610641,0.714411396127365,1.41469366676054,-0.545195546125364,0.0300730985570514,-0.0839190632573737,-1.09158055059715,-0.204671635087789,-2.09931675523627,1.31177056868669,-0.460259826647362,-0.189581918742277,-0.692818363078291,0.375445320418021,0.05192359798016,0.625417740492699,-0.375872627200058,-0.305191789497054,1.80501149328147,1.1775630241541,-0.573585133775628,0.0932792549641384,0.705658792249582,-1.06436388444822,1.02439892321453,0.748877914074249,-0.399542976069153,0.442656431860546,1.10527193016356,0.819200022604126
4.49273782236432,-0.354063021338016,-0.0541181632177301,-0.771931369646826,-0.118759238801741,0.115929053461229,1.43779965818892,0.535335738751669,-1.01034792569994,-0.945413564977271,-0.827513504737828,0.706724751078322,-0.500006426062845,0.172063203040427,-0.254140318107168,0.294160213697668,-0.523516948497197,1.35272672360946,0.393184558668377,-0.642293164923481,1.36892286100898,0.136745853774607,-0.773570153694317,0.46994208814519,-0.0165110025863739,-1.37324542914143,0.0428423862109343,0.618362849477685,0.267098567558153,0.492401355528717,1.72764542104376,-0.653556240194894,-1.03233665261094,-1.15307444898148,0.250260966120267,-0.0874591731294257,-0.784977008934591,-0.860812993611486,0.350278087922076,1.15413649098267,-0.652683555707646,0.0781448385209654,-0.50530709776794,-0.810012609545179,-0.0330734823586723,0.685813596409529
-1.35075660722736,-0.845375469138476,-0.435176869860225,1.0888065640169,0.361964554714741,1.10650957898801,0.460386075999493,1.01029240985049,1.4584136006269,0.861404630857184,-1.14983909376452,0.321583644501156,0.728336627002932,-0.645350965485864,0.0986441701467106,-0.709061794990293,-0.295856339219447,-0.059085007609507,-0.483650337966631,-0.61626208490491,0.0217875101302498,1.31739767635698,-1.26909291997313,0.379448632609402,-1.96731579129156,1.80907176782047,0.496454638816933,-0.455622055213551,1.03232268884025,-0.900324895729142,0.309575659957912,0.191830973848323,-1.24696129312227,1.18181712274987,1.96342993014105,0.0726617902073179,-1.53289646420636,1.15202156996803,0.0614944515699914,0.569966662166639,2.06490518624204,-0.487649865784964,1.39753328667636,0.412108097956425,-0.821321883864068,1.29839084534994
4.26792446947149,-0.0315483035682383,-0.017465165475819,-0.36339912841584,0.949099968905201,0.562843629459163,0.165157147194754,-0.292240149308676,0.956609562600098,-0.0071799077265361,-1.8540850771995,-1.13512051403287,0.119992366538868,1.35064667923231,0.165781683555523,0.360095256527021,0.072608245051306,0.245822552829381,0.637746431884391,0.858009379109452,-0.474108421284664,0.4663523355719,-0.110886991409072,-0.746726864222058,-0.199331841985759,-0.771820329410732,1.0685474241528,-0.934228589884155,1.14763799205447,-0.746333948929918,0.701700200273413,-0.0964115004230199,0.339153606181855,0.17360357295405,0.175711518786503,0.175024505019891,0.685581539844749,-0.402241460461617,-1.07393967273934,-1.2259231435445,-1.05351741800966,-0.0419010978780097,-0.0398245497524847,-0.574668755192248,0.0501235715895456,0.424928732410765
-2.35095699165502,0.286657634244234,0.0965683500638626,0.997921386071309,-0.698908214891692,-1.23290681843466,-0.170604562492559,0.715979232811633,0.147993184943335,0.442825768117059,-1.04788150449062,0.810665916917815,1.27353017668243,-0.140445384907481,1.24558292846373,-0.259716556771021,0.172235384028929,-0.375533165974786,0.109721083994846,-0.209394817067386,-1.67822827482399,1.31121600220577,-0.641213307823073,0.469500670598223,-0.0138613763561731,0.548954191640652,0.154892643830922,-0.874785145229784,-0.399255603505501,-0.842801665651197,-0.462560433311671,-0.641700302316665,1.02582792091953,0.360792679321329,0.860628561817294,0.379432366209999,0.958153761864541,0.9858091050217,-0.339984614476248,0.405748568824562,-0.295958509930287,-0.275680017234807,0.240143729764833,0.723941290320657,0.295159364031409,-0.836082998841501
13.548518194969,0.143991405702034,-0.714301006975214,2.02535467942593,0.870276746294289,0.271788422113058,-1.35118032847814,-0.75813353229812,0.780986900624786,-2.54291378214248,2.4957686722321,-0.485106480275434,-1.86738642856056,-0.575197175863444,-0.131121510223163,-0.614423130446024,-2.1043714477739,1.03169958339555,-3.01211265253802,0.718716040750078,-0.0093065023381552,0.66466162182165,0.713021860506904,-0.859781448283295,0.820474103919117,0.414435670348599,-2.57050126206042,2.08222814352057,0.39958006543257,1.4637027716724,-1.19267717060529,-0.561005908483261,-3.19611790374198,-1.76603859774725,-2.15340994397332,0.0161470497426575,0.675586538074929,-1.64666773239257,-0.219093900717822,0.101571997356886,-0.418353249052573,-0.994873472394316,0.0159049304848825,-0.289320838501627,0.0705638547662959,0.999695520722439
-7.45970859313777,-0.0464703432984153,-0.136446760525674,-0.0136445363481105,-0.110624175910491,0.302559225879972,0.424367302754074,0.935554968218554,-0.2289510586995,2.68383052422233,0.554678528130631,0.968159219138325,-1.06528597523425,1.0443918748877,2.56480526192039,-0.332794106613501,0.258496409060901,-0.986884882952348,0.351122164245289,0.299698090530985,0.26092922539822,-0.0817433109527588,0.624319023025058,0.272380727563508,0.232689752259556,-0.594384847918603,0.96890805602662,-1.09809998588568,0.20426853012476,-0.831789127910254,1.24643621771756,0.632158476218276,-0.44589711156312,-0.336977655087591,-0.401545517216166,-2.12560786202293,0.516443330822337,-1.06221015487459,0.0601591149431555,0.611328776746697,-0.61091581992745,0.292355790230315,-1.66518736559651,-0.097267663140465,-0.800765454546606,-0.0467501405589761
5.13492650745501,0.159516088361278,-0.157606539858291,-0.69260620468409,0.101341762813916,0.312121851310546,0.265963649122539,0.0274484269755579,1.10765981621977,-1.9764111977149,-2.37042959200615,2.20100965078298,-1.20307660952108,1.47736861536918,0.164838150665821,-0.851803314368795,-1.20834874774784,-1.64306839048016,-1.11088357816022,0.403707261166995,1.32364925103235,0.776648931285489,-0.727680870519839,0.182634029190679,0.397966801433612,-0.680903514623655,-0.395180312757816,-0.457410608600066,0.1435688032246,0.430954210373133,-0.683097746479104,1.43036481974973,-0.503498061843987,-1.38205953539058,-0.358148437973242,-0.757168826542806,-0.228782592912134,0.255225093749062,0.0035397987221446,-0.157037033625001,0.354143940581742,1.01709041630496,0.799261092047992,-0.212356695196171,0.375756156992315,-0.135935461447758
0.772716106566332,-0.630293143112947,-1.497997836717,-0.574218844924719,1.75187048502886,0.0732584663050683,-0.479573173040281,0.260434790429268,0.846724712049768,1.59476146135592,0.562431345020516,1.67486233588158,-0.94188930402331,1.14542807551624,-0.362813918323832,-0.463009379037405,-0.541235224011868,1.4744408729851,1.1425729947836,-0.0333474617901419,0.566151855351425,0.343693405424773,0.307322851611742,-1.41626552219158,0.635873322383416,-1.27811647200408,-0.835641873550687,-1.77796857835484,-0.802578044110735,-1.81043698316981,-0.150596899507858,-0.684868624672618,-2.12969352281318,-0.704337997040518,-0.452473019318433,-1.18230114248791,0.651962682685658,-0.996641625876482,1.32292949540142,-0.749341307030964,0.181606728066601,1.04996922596464,-0.240097604387767,0.417146426176361,0.267703308473258,-0.0296198687100963
-0.610401736155371,-1.74928058456833,0.836658991169115,-2.44451312791875,1.20202150971715,1.27898985016316,-1.59444877109348,-0.11105498181033,0.0057582349143136,-0.113335512779532,0.731442049756191,0.813879902261497,0.628130783163601,-0.0740081566491596,0.412830833853913,0.530043545868883,0.0229709500072823,0.299896475161474,0.752284555288316,0.549229932064983,-0.723491756498444,0.0186948778965474,-0.0822285661022846,-1.17916040208227,-0.0879403039991828,1.61775575637362,0.058369812029394,-1.86791899882621,-1.21815597439692,0.392579421023443,-0.885977583954474,-1.09246886161621,-0.309326053035915,1.80529256716212,1.640666663825,0.309677418602694,0.0075653816561444,-1.4636863214347,1.02653667606743,-0.987221600550972,-1.09225677124219,1.8382527532548,0.413602416092248,1.60430271035192,-0.270446587379861,-0.995321519223437
-2.9494953994961,-1.7914833106155,0.942008692968402,-1.15591724215966,0.963616966373041,-0.506044547106124,0.480906529811476,0.665390546148902,-1.07033392668278,-0.255946768963208,0.953738787567964,-0.142030563923152,-0.314119946500765,0.03782552408117,-0.357591798751732,1.21479144186948,1.98096734669777,0.367761301573744,-0.314786781569481,1.26473999189097,-0.150845048353517,-0.760039824068853,2.01105030464565,0.211355146289092,-0.0881696123866788,0.94583936390839,-0.558052407920274,-2.64550023601802,-0.187059380437562,-0.715536591033821,-1.2132395306601,1.66120131740248,-0.417597797079957,0.705335172346177,0.461068847456788,0.0125241643504344,0.516469227519742,-1.16532711657648,1.51799389668613,-0.544370310736208,-0.641820647288654,0.297477059460727,-1.09201855583547,-0.452971869379199,0.432083055771274,-0.866080574382126
2.69110504543766,0.111143156076675,-2.7001560770476,1.72865633100635,0.508033019665752,-0.369583482546312,-0.605870341337214,0.800070858559709,0.194745110627085,-0.80864629579959,-1.39997582233342,-0.275307422896711,-0.845428311248624,0.591604762082744,-1.21981928514502,1.03191745535722,0.490530165417327,-0.263287632276492,0.254082543167329,1.15011855566489,-0.536774934807603,0.913108921789206,-1.00228820242,-0.672298952891685,-0.430115814750558,-1.22043974493041,-0.877422722059736,-0.387296153721001,-0.143627352705925,-1.51009746672201,-0.576842204675323,-0.937377081105403,-1.06188916656262,0.0166951489567027,1.41446261019764,-0.3665373628471,-0.718195093020706,1.07244074052144,0.585056648838498,-0.0447146800903445,1.03815414855186,1.84075132442791,1.18214597336636,0.318594201377235,-2.13040729620743,-1.51412134483677
2.14814290908184,0.497874061180742,0.536662239330523,-0.479408459483181,-0.0495324587247583,0.57975701680376,-0.785092022424129,-0.836798918461867,-0.0204834073583236,1.60706590609862,0.443251960634305,-0.679718827232551,0.882903505443114,-0.0838998292763879,1.33866022327811,-0.60492028529689,-1.55081055651853,0.0720600674922696,-0.681694995607459,-0.237538023383049,-0.2292042562164,1.55303955553454,-1.17733674208632,-0.355609217455235,0.0938159234153296,0.41049268269543,-0.187370009290021,0.15125848452303,1.4165193925571,-0.172447980912532,-0.636066567705886,-0.179103712750812,0.177814526826777,-0.639638982587508,-0.0994347526393494,-0.196904634037362,0.643381910669672,-1.2115489161333,-1.7791043999528,-0.560160181444808,-0.562284304881244,-0.160281147385608,0.181880915150283,0.0482208522435371,1.40666138205197,0.979262159646061
6.59697966832142,-0.916129039891612,-0.164291786578863,-0.647861165737879,0.715689482937489,-1.39076732649426,0.0026236355072887,-0.783250403729834,1.45618726884498,-0.137154338036226,0.522231354339281,0.149195481152515,-1.4711643229705,-1.00071591006357,-0.994207623451189,-0.430395207252566,-0.538780963340345,2.18204440839554,-1.51426483980316,-1.18916414428095,1.51147690475552,0.361256716042278,-0.723086174847982,-1.07719744606792,-0.0768106425922024,-0.224395208639164,-1.50980298617405,-1.34747590627697,0.680795791357184,-0.136359443513681,-1.49813122618047,-0.479722773453247,-0.772928095574436,-1.41692230623185,0.53867922782196,0.871999999418766,-0.958611388753727,-0.288632182122613,2.27884623726053,-0.733568918225615,1.02297693786494,0.0682838497323234,2.21922252628838,0.0766011513499302,1.72386140927831,0.427970832578701
-4.1070039708116,-0.0026714102524932,-0.998246374562799,-0.627960744090921,0.385369499992921,2.12416076302606,0.380668842838141,0.0628023937484014,-1.44073103575719,-0.469506440095132,-1.22158988144976,-0.883460592858317,-0.0709158839555475,2.34138707429542,1.53521427922759,2.16150196333225,0.903785773286289,-0.301624328865441,1.26717401183695,2.31348423024266,0.573985583759872,0.308714875819136,-0.846974567296036,-0.0563733327871719,1.1832716042655,-0.641598149929164,1.23516524541995,-2.14933945359872,-0.141120808588697,-1.80912868318594,1.74834791178685,-0.161333927784676,0.305246116266542,1.26335295505727,-0.595352972614868,-0.115325967161106,0.391644964493322,-0.447550607635421,0.987475005143677,0.677560859198723,-1.10920659695041,0.348305230267607,0.153951578668545,0.534368129555197,0.498495206388204,-1.41932475957315
5.60269070548925,0.419697047965046,-0.335031904234406,-1.34094671713079,-1.77996573614289,-1.88751155476372,1.23342619586366,0.960568381242763,-0.78491060463497,-0.0080673256776061,0.225673781497412,-0.422112751886452,-0.361652592615357,-0.495865273450794,-3.24097281033451,-1.00968480148857,0.114704961732517,0.773991556864836,-1.30066484970711,0.0392775427646036,0.807984535035689,-1.6426918238076,0.0819483622248564,-0.49424310632239,2.29446333318591,-1.50583025417697,-0.36720168919289,0.55682582980035,-0.551250924810287,0.168285337674138,-0.652007283397832,1.30247851267753,0.815855141110448,-0.740499137050743,0.552550107784962,-0.495987648298433,0.719287051093869,0.499510572343765,-1.24160411611878,-1.17274348196488,-1.10632495547436,0.165720076690708,-1.69881764377926,-1.05400832793875,0.669543887532884,0.3924205522885
0.296343406779254,1.41906864980321,-0.408289536845631,0.211759685348495,1.25899969175658,-0.0530770788355995,1.34408594858563,0.286554866370548,-1.07372867200362,-0.824448375453107,0.597886274099023,-0.643627772169703,-2.23804836130546,0.34826555454407,-0.0884479562682451,-0.128306281549987,1.64156661193168,0.593194461738185,0.696223479089153,-1.42746515059,-0.755770981429378,0.395758576936503,1.14624016613004,0.617122867915133,-0.519387779956507,-2.28794022492775,0.484271602340429,0.816816826582056,0.424418676546925,2.08490543971111,0.629711009548431,-0.612689179378839,-0.555498754407613,-0.230292580053221,-3.07089369765341,0.246604609182105,0.410449446071666,-0.122872357873757,-0.175527202930906,-0.380282136506539,0.53991049094062,-0.834496149669771,-0.215310246696524,-0.14137829183136,-0.797626014459983,-0.435811417087031
1.43651822764559,-0.25601382699174,-0.517905994494633,1.41958399614589,-0.0311251408274145,0.466782126133303,-0.583380768989866,1.01716399963275,0.923654028844885,0.220773883921957,0.155734198113187,0.317279193485803,1.01417672883128,-0.508245885674183,-0.540424539518152,-0.523190371417453,0.63387912661681,0.357524333575105,-0.247160632597598,0.878141317728985,0.549462113378458,0.214527792743139,0.173751001141591,-0.45043119912019,-0.226775067368672,-0.990168684843281,0.360104272055885,-1.02887903381269,-0.573588287660934,-0.739397206927362,-1.84846329170356,0.185424140862272,-1.23188733529073,-0.0705067585576635,0.311012807231253,-0.545660600392307,1.11711644471824,1.41122111017878,0.228740532584856,-0.0948224853940461,1.13586015346527,0.0760292702702274,0.945120409091201,0.734116906126765,0.401914229377006,-0.282846102975181
2.86418495137204,2.30705636915863,-1.19824516941448,0.673428787372755,0.827001324156551,-0.761415323474521,-1.72538615970511,0.250566331945712,0.486815353343438,-0.0997306550827839,0.758524233749614,-1.24177249480487,-0.536600833301702,0.195844743667083,-2.20120718294225,0.263286740793928,1.65167003068577,-0.244755103991085,-0.20294588558377,1.21110417487569,1.14668697742495,-0.193735036054995,0.155658659268358,0.340087977554027,1.49963134835482,-1.90152615081029,-0.0030733832613307,-0.319745882043248,0.881147232790821,-0.585327115252957,-0.0730464801678194,0.267459233470657,0.630616562911503,-0.976210292328632,0.136263699968092,0.81632965316268,-0.718449974964487,2.07147361024831,0.509940748636113,1.00948489873789,-1.13156770218288,0.355353653870386,0.925427561739633,-0.0017473879405171,1.22822980426886,-1.97097164618511
5.64939356743879,-1.09321645443466,1.00944958365663,-1.51530714180595,1.15591400009957,0.702892610110578,0.332964880926055,-0.838110297540764,-1.20362513787654,-1.38067991590047,-0.726808271955345,0.55038481972663,-0.683812751779672,0.247358912045223,-0.492229920879434,-0.154444417802621,-0.458279363151073,-0.998967865110546,-0.137337499211376,-0.767225106669719,-0.685748341817585,-0.192653029034262,0.175106452177078,0.568163413770394,0.932048781877698,1.31874046311144,-0.250635235739223,-0.499002139750513,0.332331865307805,3.28196803365059,-1.2756978654532,1.0254789373,0.547722951673641,1.16134349390892,-0.0434176583129867,0.201156194157897,-0.0943795463250098,-1.03173328888368,0.0760753134645967,-0.920420670635982,1.45357718021622,-0.598004865212588,-0.572130894887079,0.0204282707913251,0.613442615170786,1.13096611304958
3.72338708189898,-1.35305621820014,-0.386536906688055,0.771022007697708,0.676424679015353,-0.0214014971873906,1.0200984957255,0.102491671954321,0.208096575311676,-1.11799905931816,0.690881559817936,0.623382288584647,0.418039243417052,-0.668910713703441,-0.710829919652907,-1.19407211597782,-1.45847433588566,1.10867346040228,-0.0542508873482919,-0.890703117100582,1.17283757537261,0.0690314168962913,2.07546460978372,0.401087772786914,0.0148570039555189,-0.565243084772265,-0.537910903062382,0.104532027421465,0.84727877944117,-0.0822574900976857,1.87606679451835,0.753272649235599,-0.691275316584978,-1.16512519555933,-0.969564419612132,1.01559064972787,0.539676007123212,-0.0304059424240236,1.30522519061769,-0.721671707599737,0.894580216772717,-0.36940895960428,-1.09976451185217,-0.584327112545422,0.651806941699531,-0.577078454867204
-6.09287199631986,0.77349692525789,-1.04840476020001,-1.04750528755235,-0.056294372026543,0.649530459524046,-0.291601670376763,1.54616786698229,-0.131015147412409,2.56177359299915,-0.510185065332547,1.06042070984176,-0.747391125531445,0.756591018075797,1.53120923376162,-1.08921443953838,1.86341219869414,-0.393002123395347,3.22670618804315,-1.4063933312686,-0.942799512657979,-0.356995129194222,2.63145060302732,0.788898646276376,-1.07718906788771,-0.3298437071803,1.05909625057318,0.148440868127915,-1.07669884005797,-1.34891886571357,1.49817654861146,0.323030089372805,-0.744281522234642,3.17150104165093,-0.148574569468145,-1.66465261681162,-0.839487120417754,1.62000432157743,-0.441680830916372,-0.703754523253389,0.170012300400819,-1.16846513937031,-0.243971847675825,1.34406582323802,-1.41070713352001,-0.385479589264716
-0.762191524873928,0.872525045173713,0.425646144816844,0.0725556792410562,1.55778774680964,-0.168064774498631,-2.10358474160366,1.22789783250279,0.372410325732888,1.29181319230333,-0.195699097330948,-0.601228885191289,-0.472651229617332,-0.0182849147974162,1.1864342579178,0.0826881896688739,-1.01342518328443,-1.45479614152926,-0.305395491410006,-0.0711912950530673,-1.85044410633639,0.38074308732961,0.657789094892329,-0.587880379777646,0.849932849878771,1.0574935340947,0.860881838120322,-1.75636934233141,2.1839550237287,0.868457846521581,0.400958570888305,-0.51000717658017,-0.0782563611264515,-0.345444644769533,0.374352228047547,0.576783825233023,0.289139836609171,0.726523364920837,0.369512182142223,-0.590754510963567,-1.38829487799921,0.965880860359778,1.26538277068289,0.0917423063939775,-1.71506984111438,-1.14832215470288
3.25869361930073,0.778751687055868,1.2595191941582,-0.858105984830323,-1.35343743711192,-1.15042597802994,2.12456883207952,0.36012271368982,0.568802880623286,-0.456673498955584,1.60615814575036,0.835198244399873,-0.764426538322491,0.107952774382993,-0.800336048680961,-0.823048228628262,-0.53523316117665,-0.42267571355825,-0.88219870671933,-0.705977614792857,0.362703209607476,0.998433508597527,-0.118589355546197,-0.485907246309084,0.455583287245572,-0.790151339090598,-1.31694177756238,-1.06914980041875,-1.42139821946448,1.62493482653723,1.10882488702552,0.521590732129179,0.53275166133236,-0.689459539493272,-0.677706117889254,0.302779516397257,1.54233287625607,0.424599124352295,1.04464847137968,-0.707459712197456,-0.33933597275348,0.926597764645064,-1.93036553774676,-1.28456070263906,0.376469833534528,-0.406968374278996
7.8963684550742,-0.0791774260875191,0.917732319952223,-0.0856343163322624,-3.20965977254038,-2.38648844520575,1.6931747190711,-0.582480099501545,-0.652338858719596,-3.13487027882562,-0.0653371131283561,-0.616704879906085,-0.0914760656454456,-0.568842640634864,-0.428387634812624,0.0820382488963902,-1.76798410139037,-0.646696880064461,0.474100254459755,0.674219142939606,-0.414609014356885,0.602963448327544,-1.41581461900772,-0.184594648772466,0.933743666438273,1.34503586080855,-0.791682652302729,-0.0912019681241393,-1.09669014903534,0.300697918838831,0.100013650703776,-0.0967786889055103,1.24142547712073,0.131721056488771,1.23799618794549,0.416527501663301,-0.744634796821932,0.124689642072814,-0.644784965047787,1.8445039146363,-0.171474385522746,-0.121032028530249,0.264612986298487,0.496756048362123,0.418295747561491,-0.319915900077769
5.17501756848145,1.24359229464808,-0.117274852141636,-0.0864907577231463,-2.40915820450212,0.730704471659054,1.13769956195434,0.196802913017093,-0.483239714911777,-0.995033463690219,-0.102007417300866,-0.0682919138709983,-1.09562766074571,-0.620505508875447,-1.61115448174142,0.0628299831153928,-1.46067033799233,-1.22333092675268,-0.290988883139012,2.36200483516439,1.60983194171732,0.839772152614572,0.0744338964996137,-0.883416388518414,0.232592119509286,0.15708582092042,-1.41338644599907,-0.974625102867948,-1.69339197309988,-2.42056504177817,0.762630794339775,0.380063460991253,-0.123204592771265,-0.0479218330342444,0.51458302220018,-0.705852233250316,-1.03087534408864,0.215007316606912,0.204138345848912,1.46490774480295,-0.363252736168326,0.40767514059672,-0.320846213890589,-1.61513172890688,-0.356708174799636,-0.575309043745236
0.63351157365033,-0.793903374828948,-0.172931763980156,1.54180102567306,-0.50215776582508,-0.627983113542094,-1.22673606845136,-1.30810056793769,1.23821068723962,0.410334253619475,1.86240429594651,1.91715753043359,0.0416253882240314,-1.06890568839915,0.662985556511793,-0.389858857618396,-0.337512729721687,-1.18499890842768,-0.502578503493171,-1.03397156268973,0.579502376360988,-0.503580475909636,-0.613260436065103,-0.0084315668977907,-0.71899252616705,-0.878822859223731,-0.461469734300205,0.539112798458135,-1.62941281785993,0.959898607831475,-2.21359767830202,0.166224873162987,-0.582808461778119,-0.24170382730362,0.0227384571067795,0.616429120566179,1.30531317779732,-0.132930692225003,0.514625943333699,-0.339560329177408,2.34226386607062,0.808265547319426,-1.14066356813259,0.179005290894019,0.117690417464102,-0.164909386028479
5.30222996039446,-1.01341964373189,-0.460796206975421,1.51446939519364,1.12642760652091,-0.0801047434078116,-0.496746888352935,-0.612420841173181,1.59485833266266,0.375106565291703,0.825545647470935,0.820173383704636,-0.769950245640968,1.14920753487677,-2.0762918734562,-0.659836724018207,-2.62542840387937,-0.431133355209123,0.0783854795563933,-0.337065220991627,0.0521620800486026,0.580494716541814,1.75575651363381,-0.204986079898286,0.518176258327034,0.187706518897113,-1.32128442079966,1.41327311750201,0.821362838413694,0.23097978225831,0.214508065590113,-0.413974260066585,0.795447582143581,-0.804721280464815,-1.62483344412807,-0.797100505336186,-0.928206776054153,-1.49779127076762,0.274093059527281,-0.154611385725632,0.549954258000515,-0.336160167053733,-0.0051040922835934,0.822100887924875,0.62059351508608,0.982988686155551
-4.02913547335319,1.35875550183368,-0.373660880013505,0.4888354983458,-0.113502773878401,0.209084692489049,0.710844544437217,0.234171384416835,0.0635368422615403,1.06717857011987,1.33132004983368,-0.963674867599408,0.95515809815896,-1.75035610560029,0.0737982157184953,2.25666220510472,0.140081679816025,-0.0002055086048098,-0.29481912091558,-0.0567190229376912,-0.0619089901142894,0.130822442817538,-1.09181348435251,0.481620885965337,-0.467245432527489,0.378374782666666,-0.199933004825351,-0.357845177949673,-0.953895839770924,-1.08827288555362,-0.921449383658956,-0.0175147107205194,0.774891221713891,0.0136208288799106,1.23841017693631,-1.10853231329507,-1.30127056696869,0.546278807544472,1.59489943581014,0.269459638963443,0.047793516298577,0.0891182104402937,0.162857946092938,0.628499723267896,-0.0061441092845463,-0.14659770257125
5.21626679661529,1.84297959806179,0.332023822434058,-1.93718136751982,0.150903922070737,0.299017317584247,-1.2702764259728,-1.18608519499357,0.859630976306526,1.03936251012498,0.138882192369989,1.52585812525225,-0.299328141437467,-0.254912658910115,1.29088080712325,-2.12447153196081,-2.41639565218058,-0.651022513324619,-0.442203353809893,-0.759833381011134,-0.325260462663966,0.863558523666857,-0.360864699373618,-0.564138183699504,0.48573904892099,-0.181597909901749,0.105216658452199,-0.826972288526105,-0.920685513784154,-1.57782761130911,0.457673844883346,-0.465925616846795,-1.92814466840362,-0.70891121899744,1.83044241596359,0.349582071700898,-0.0159339160427655,1.18044107977101,1.09657664645412,-0.424705954705092,0.994661465078704,0.914053630069068,0.81289068320778,-0.859124950663493,-1.15783706809684,0.981622157217421
-2.97890014923442,-0.21556912493509,2.38377056404936,0.0683641495571066,-0.0426616869023112,-0.170683429037132,1.3489620244096,0.783536494302407,1.1579292844788,2.12405536486667,2.07798741303259,0.198948792821554,0.829856761024076,-1.23484099861924,0.399884063037193,-1.16850234852932,-0.227243271407274,0.734645261112239,-0.75975916825618,-0.493954131726599,0.554007316741335,-1.21315763672022,0.484633870976557,-0.350185765094033,-1.31750854122413,0.696565281738489,0.535996404922726,1.17006681741215,-0.282711573704806,1.27651971076136,-0.0341463340959567,0.264827374668974,-0.118679648085172,-1.82558051104589,-1.35025860981409,-1.18745526048658,-1.28844159664627,-1.71202202058667,-0.131659829988198,-0.819963180912379,-0.150381045277564,-1.00198439985225,-1.68062054837261,-0.404516720427362,1.85239196584267,0.822275061937413
8.64579170327362,1.04227681182179,0.30947521951701,-1.95425861195064,-0.256981070746258,-0.850954480387996,-0.237498548485588,0.708461519116427,0.113517140052309,-0.484021290965826,0.007296990202135,-0.305374590848112,-1.16874786599884,-1.43493958550704,-0.497572150163662,0.205998244644088,-0.789900470318238,0.324982009911152,-1.76061173166399,0.778436335329488,0.16527863639588,0.60807805588035,0.184681216758324,-0.494915628855604,-0.608031195134784,-1.43139179476095,-1.20970210314571,0.0371769255053103,-1.49573403101843,0.623947571961357,-0.872498631684936,-0.783493466264807,-0.296632482636893,-0.44986915507707,1.79853342999209,1.58203589660294,1.21910538997346,-0.198006941907471,0.223170338917721,-0.644466438376647,0.793886623366447,2.04846663855254,-1.66038229669267,-1.9717032797079,0.654901473780455,-0.759899396988082
-0.579767721818464,-0.394229472413852,-0.346121635740918,0.424975747442234,0.894433232402599,0.342358775951781,0.453689711102931,0.290324289534725,1.88182709863566,-0.678232013777418,-1.51450220510309,0.0985863374352677,1.36790645385042,0.592769301841034,-1.25078428639527,0.433243210691311,-0.0429010072693545,1.77621211817978,-0.135422106208584,-0.591257170621025,0.0917458779212191,-1.58822586800248,-0.110391985540549,-0.608075946469552,-1.81318091353108,0.916031675993303,-0.117531442165841,-1.00460908120949,-0.565580235295926,0.927116866447435,0.413383687183884,-1.06376440712273,0.939553767032573,-0.716871163569179,2.18099545300611,1.97425878580868,-1.53214856161291,-0.0086855767668415,1.58396544411939,-0.122519135790021,-0.310935685063814,1.7446197773693,1.14743953062878,0.653908503643257,0.833321609639577,-0.529249286878835
1.27504055822107,-0.65482487143077,0.903967106420661,-0.538275881896133,-0.733038199441788,-0.699842396664649,0.631937410390202,0.919027993926313,-0.786343945726453,-0.149360825628114,-0.51493246210412,-1.5209433809265,-0.553988725091356,-0.305336851138983,-0.771077061626432,0.36187274040384,0.380467423957856,0.354480087598769,-0.0371026270310295,0.240431128552071,-0.711927421518623,1.14955160464072,-1.04845942549424,-0.91559161024062,0.026146889958267,0.673237924350308,0.87389195358039,-0.0320043325054341,0.365573552262663,0.546868982165211,0.194391749084671,-0.15974658887392,0.477450085293649,0.494764316007245,0.732308945329194,0.123963288827304,-1.91823813023297,0.141907805445878,0.402038899757959,-0.0047810412222949,-0.580511495032313,-0.736545889771463,1.13577552101789,0.395245812706278,0.332692126319197,-1.20812282817374
-0.668881528450354,1.30684191358587,1.30054934437489,1.48015678920214,-1.78817745774991,-0.298059890295922,1.21577735061009,-0.904994009570178,0.801713114151084,-0.595018121140425,1.1128500078324,0.0174415438249543,0.834484018140223,-0.593916109547421,1.92902644793107,1.08109380115271,-1.52097586197458,-0.888155803520627,-0.305888074696315,1.55813403489774,0.529452184868873,2.72945517530696,-2.22709398552576,0.197625069230706,-1.66573215295367,1.06043603009422,1.01281898664132,-0.751112033977986,-0.738050971462816,-1.47092594878347,0.767434520862163,-0.508740850771553,1.19240251706729,-0.443487512749334,-0.646486263763201,-0.078964526455269,0.0598444072856626,0.33534501615482,0.788370758923742,1.5244642984589,-0.680349414652878,-0.488483358809976,-0.391061294380831,0.482981664826975,1.59012380470783,-0.764605743773063
-1.00967921051038,-2.09668533808982,0.0566459927934019,-2.09538051091624,1.63091603850421,0.932275639233294,-1.43767481859798,-0.693557865661399,0.449494984841861,-0.401826176052275,0.175390590754155,0.826889170771588,-1.1061581279914,-0.951880686147122,-1.70948090477229,1.44789226894243,-0.0479244179289934,-0.0738314204344099,-1.18556399538402,-0.558012066742726,-0.019923550267485,-0.37471101843255,2.5378463346088,1.96813072639483,1.81080832030063,0.579486386104178,-0.900396244539225,-0.42778376818791,-0.178094224270854,1.1839741901787,-1.66069740217899,0.611896696157514,-0.331626761081513,0.88613716795081,-0.415426065111832,-0.332580917261866,0.0847916551911082,-1.55122709836529,0.0754690670564102,-1.47734709163604,0.637083811462782,0.189961732197596,-0.674007219149415,-0.417644850486974,-1.35251810916072,0.754511813577776
-3.03207560963959,-1.43403917369263,-0.848683606082739,0.837682514511945,-0.21868505907834,0.365502077585522,-0.588277683919922,1.06721963121336,-0.111861394541664,0.337066464897589,-0.951989990811532,-0.696045632477033,-0.396106031135877,0.913084232548807,0.468736727051339,0.476099291673787,-0.0703819582643902,1.32522344337826,0.129395598522025,-0.787762081438129,-0.206229358036672,-0.47636062472415,-0.689683831389282,-0.203567242484656,0.814882672921546,-1.44819229331357,1.92705051177735,0.366988313774423,1.68006321974235,-1.44960433754482,-0.206885433955513,-0.169173382020539,-0.50896414825675,0.493621526765515,-0.560011721949132,-1.54063660111426,-0.0800891414348776,0.492246697552272,-1.75408542866216,0.566795754767495,0.281248162368382,0.702309813737991,-0.218303220156501,0.42841264194413,-0.992158908628772,-0.228899403144546
3.81418918010608,0.682195217997665,0.760241296134485,0.0448102841830395,-1.1256738638544,-1.17623152675433,0.295821758926586,-1.6873635966727,0.480320871972788,-1.22409344279565,-0.012637562740237,-1.32220454266979,-0.339360050468807,-0.152606491831965,-1.93780325525799,-1.42490565581287,-1.76142378592138,0.27204181861795,1.40626187948317,0.0010631742881439,1.00684448884028,0.348564032665885,-0.323938088311316,-0.137771539124117,1.04725297514308,0.463028791065644,-0.0995544905108247,1.62105589436663,0.842801914105375,0.459248390805162,0.633853478024056,1.27946384818521,1.61988401141545,0.731814899464906,-0.721029717737331,-0.0256869663560139,-2.58106106309106,0.788442312215006,0.132927465461751,0.143026969257401,-0.85211183275556,-0.966403071833929,0.948882065041076,0.522386235535673,1.23086599123583,-0.228928468100341
-0.40100275997505,0.377602862802586,-0.666175730158523,0.804669159045079,0.161192044643604,0.460611352566148,-0.18672125624757,-1.53893697965643,-1.14048143462867,0.54996831453319,-0.319399842693745,0.575464204528884,-0.604001038073397,1.29626265995203,-0.62906517330415,0.482308358530183,-0.205467575753486,-0.0631287729743107,0.92065595937452,-0.724422442260732,-0.0059668384504862,-1.75344810253445,-0.0947478525963797,1.47051676064743,-0.278800762161523,-0.416348444369035,0.446061748468797,2.24663782208074,-0.525677145053696,0.192100603124943,0.878586439545253,0.274462415299531,0.36513553863984,0.0406929572376932,-0.207659428335436,-0.380824136904454,-0.684153080593245,0.146970802138349,-0.226637114416222,0.334742756378126,0.0819393405176987,-0.594390989747185,-1.14835104519533,-1.00651759056471,0.569699540623323,0.744982426243948
3.74233045138301,1.74935554991641,-0.993903801394606,0.711810284345052,-1.65130417937485,0.680029116159739,-0.368696309706295,-0.79937511003547,-0.865315140835513,-1.44031480233401,0.492549875824763,-0.204310712197201,-0.329577272625759,-0.984287942843997,-2.45634391797205,0.179659420131537,1.09310562287292,0.191691483863171,-0.53592484388016,1.90490691923577,1.11369695903326,0.813093027662627,-2.08863024207363,1.23085317022167,1.01556093164596,0.529467715147752,-1.01626251118244,0.0547697230366245,-0.446524895441358,-0.0487261896949627,-0.368037773977661,1.91158267498631,-0.0979546680599214,-1.85284467668482,1.51955370086422,1.63069693715883,1.67289742567531,1.40523911620624,-0.626290571688109,1.04951079825851,-1.62505151011505,0.771071011180944,-1.3934929711039,-1.43566050436332,0.600948085192761,-0.802344897240269
-2.15624407979839,0.408173434173082,0.138897378380416,-0.70896772151034,0.731659241940255,0.682830188326421,0.376596384482345,1.37342878650466,1.95144186281028,-0.0821112416887211,1.01438587297459,-1.54739926239596,-0.794927364963916,-0.811642269576784,0.754235743795739,1.66209075950411,1.02538583123209,-0.714843033997236,-1.26526243899114,0.98419024246841,-0.32982702620411,0.43970029467038,1.63084755618344,-0.184607931857305,-1.95211687379478,0.450522076156283,0.109917787164259,1.80673395797349,-1.02247583396219,0.181381660524621,-0.472834191564465,-0.0783889198398715,0.983287964810013,0.70496696326964,-2.68740914024486,1.43508183859798,0.393962388724629,-1.1107650036991,-1.00995804515029,-0.794304291598597,-0.733679087577024,-1.16798726543401,0.103700027387062,-0.181217687566786,1.32174614680226,0.974594187445136
2.98185090961732,-0.248394463572278,-0.282237424148977,-0.434695671758528,1.04388937774718,-0.362348287132096,1.20066580063365,0.152054770664412,0.119063135332709,0.019961590196144,-0.868264164139915,-0.720342299040422,0.405475923547949,1.5827777849199,0.158340320310951,1.23360674288696,0.0987688787039707,1.39705244362126,0.0178193323307625,-1.04445989385892,0.409404124679003,-1.70297450733487,-0.396431924512704,0.530897489773896,1.38283604332989,-0.826291940823783,1.18084940515253,-1.72071559135544,0.910941318276352,-0.592949289303754,-0.121182864007548,0.349984873069964,1.09365697252953,0.713551605723249,-0.0075426508244457,-0.74375658780494,-0.157266636094132,-0.224035251394452,0.711712410786224,0.0303738146798429,0.459800153783956,0.615922297896942,0.0270702861021577,1.55973396982794,0.879772425949779,1.36966241038684
-5.79963327945962,-0.702043643029324,-0.759860122413044,0.6329344910142,2.19396798616943,0.70294693982686,-1.90825254312493,1.20784110632186,0.149812508250704,1.67709223065386,0.948952748072283,1.16866198819621,-0.136041023721878,0.431366603383917,-0.679338950090786,-0.0739550655817733,1.28596537363231,-0.999554982286774,0.34445779509748,-0.467090464650747,-1.1439876523757,1.66452925830741,0.904676120671066,-0.870843859205134,-1.13226364061543,-0.420117972396214,1.14905745920224,0.0274521472053232,1.37445931805579,0.887690211767515,0.229313791335949,0.326194215260863,-1.28717898784114,0.390101440932442,0.813502759589161,-0.800394848922008,-0.992019784492815,1.41916033694967,1.30307638294886,0.553949964858091,-0.325125195434684,-0.488369618316794,0.640200340771191,0.402176656992277,-0.962255074855131,-2.17047791699991
0.283937381585657,0.63236544094597,-0.340639985542228,-0.873815059153342,0.0970979501575674,-0.988647239285201,0.341962098963603,-0.512533863022023,-0.258884585346292,-0.347246913781441,-0.985206387705724,-0.440532597694515,0.0726209872731992,0.751616887171941,-0.566648883152139,1.39231428302585,-0.683813688421462,0.961577043206292,0.515193743020554,0.897729903458987,0.928595306214986,-2.56817844120334,-0.692152537550228,0.678924793582799,2.06588515407464,-0.553130104763165,0.373784797849872,-0.851315098831325,-0.778555636755743,-1.05632843452368,-1.15881432205329,0.52572655061727,0.641684570842309,0.189871820249935,-0.161901356474621,-0.64286171261053,-0.100143776611419,-1.83079328217495,-0.473655884432818,0.565120477456394,-0.98357399728676,1.40754542381571,-0.205330518338796,-0.168101531863753,0.091084993481331,0.810829466887199
4.41790504517156,0.198294999353511,0.228701989572923,0.174664457811139,0.438503021941795,-0.753406172230508,0.229208299938001,-0.837019478453421,-0.0180882421667299,0.232304356168068,1.26453469820899,-0.572650181015758,-0.201540183380574,-1.63645299686355,0.0866196755800991,0.318864430975017,-0.480822151837464,-0.544341412645336,0.792532107358213,-0.244930904436707,-0.865894804058219,-0.707987325990634,-0.974687542757448,-1.23212805563358,-0.701376694969001,0.54452943741814,0.311077133543809,0.883090748011858,0.37800477898866,0.136467758069678,0.609065830333029,-0.849925725567488,0.746157099500892,-1.20612241475984,0.243710301683984,1.08370921623757,-0.281178523308132,-0.484374361739767,1.15985465994135,-0.817948925348696,-0.199858604823743,-0.569065877241608,-0.302833567685204,-0.105605438788692,0.229856728342684,0.508261017578969
3.34651856914709,-0.241619148877318,-0.969383063468261,-0.0215443538757165,-0.323930629658533,1.19766226354771,-1.238308105342,-0.960367773994832,0.576851680838926,-0.106016977055106,1.3864077303059,0.0230987495449397,-1.10091169946253,1.13244471814607,0.76480501950148,-0.780116531595338,-0.485162829505399,-0.247369811389595,1.00601286192834,0.200045821109703,1.92386059326645,-0.0487082651162744,-0.172606028636848,-1.39906449460118,0.284557121201028,-0.352286435043613,0.28452369148488,0.861678024213963,-0.861952890966158,0.144442926640085,0.644247184680477,0.00445925782704,-0.394870545084649,0.385011012554419,-0.82065958041453,0.854777482786261,0.517236559771393,0.0055716602704076,-0.506488317001505,-0.0676869050157998,-0.597508495149747,0.223333009340309,0.478518818789354,1.2000207606337,1.04899246937629,0.194268273555241
-1.95252628782151,-0.366928274030765,0.690980885744275,-2.29078396089578,0.993611903930588,-0.42546273810521,-0.259763652952205,-1.02923408158098,-0.0316558508378156,-0.332818641042964,-1.46239207072659,2.26317052877319,-1.14020288541953,0.859835721990971,-0.227446158632144,-1.65699271204385,0.011132029750575,-1.54321782534007,0.140793737458858,0.0849328796534191,0.0330924277770114,-0.26519787841931,0.384404098952565,0.763430521707475,-0.795197247589274,0.0775843714411942,0.135938570054812,-0.684312746324314,0.217566732951421,-0.0675231591695422,0.404761539296339,0.189500502813988,0.0602748744005295,-0.38846457646955,0.791684932953437,0.591664090161273,-1.50038873512167,-1.16116531912438,0.689318220632427,0.0638439681627605,0.98711586819411,1.17566854938577,0.602564403385186,-1.06813641796157,-1.18603311050642,0.0689187216111761
-8.78875375091859,0.898363139613001,-2.58498967258881,2.30357857171722,1.40273101049767,1.5387972636838,-0.179553170186505,1.40438206494311,-0.255053279775808,0.780178932409857,-1.53463039475922,1.15811522901746,-1.72697550131661,1.70719096495031,0.804624397109295,0.402654097687631,1.32065209267568,0.221725035489021,-0.673592791794501,-0.475731583394742,0.126370345658398,-0.194205942808724,-0.787920323493135,1.67919735392709,-0.879330103735732,-1.58959555927263,0.85413348212687,1.29199357967474,1.63655079123315,-0.478776500474497,0.289676203789138,1.31011434614434,-0.144497379177529,-0.726157346783663,-0.572817775693532,-1.15966019433579,0.785615202422011,1.26531348483128,-0.893114327008253,1.74738291615729,-1.51523851342175,0.0733845762426096,-0.885551699378722,0.0295782391749824,-1.74242411313099,-0.196826661931799
8.92945158505147,-1.09531701505727,0.577923433889823,-1.60698423115407,-0.0623359505694495,0.143991236702884,1.36091786570553,-0.815263724272037,0.357487585551867,-1.88245701491268,1.40879268742379,-0.474587919474775,-1.30957413314841,0.287861132427441,-0.877268385982474,-1.31367522386174,-3.09497726679663,2.1088421910121,-0.814164101042084,-0.175524530132295,2.70223691710321,0.717901175935129,-2.58808010445712,-1.12982977547329,1.79344311976859,-1.01130316833432,-0.419722572504681,-0.684060267636571,0.354612775318835,-0.350913995654732,1.2719450027393,0.134617508031767,-0.971030519836394,-0.876125425683127,-0.293715981866075,0.996010575672457,-1.50414644855004,-1.95875319967636,0.613972446949708,0.986944025302398,-0.685085103052048,-0.14967256885162,0.592353760041751,1.04804867302646,2.31474500067184,1.09756944201817
3.17481050501753,1.22827248548209,0.983569940097899,-0.232373732634924,-0.609650663199098,-0.671072696757377,-0.397848401508664,0.0074924308909609,-0.122397569621776,0.670058570508069,0.772917957680825,0.235511288418262,0.492865467494723,-1.53520438021058,0.509462137119665,0.510605294141179,-0.0152561038680872,-0.589409614620967,0.355039524938494,0.154966526122807,-0.0748274936640277,-0.220083874541963,-0.776425590292256,0.31708395624035,0.0607493629100125,1.0709818114554,-1.60397358942338,-0.686268347647497,-2.49059692397469,-0.0689626222571315,-0.117363759427486,1.13119006222675,-0.0325795267241891,-0.910942083267092,1.39188572142974,0.469142017662139,0.0142786331142032,0.205640853698199,0.381429196804076,0.354520589784608,0.0645313850474603,1.09411787545161,-1.78605613297976,-0.575723202387813,-0.0884186109649425,0.234235956263411
2.61190166605748,1.41021838776358,-0.710719997964765,0.0534184357107073,0.830715247351506,1.09078631195797,0.697683841558167,-0.77792834442965,-0.221081152361502,-0.80677032323687,-0.914049113423648,-0.246397704738378,-0.815168465480334,-0.398715554767472,-0.576339631153008,1.83737453412674,-1.10173141746052,-1.15984551923448,0.608689764129097,0.568638337991166,0.570434899319673,-0.154373511976524,-2.48322091750847,-0.96725568551889,0.296969681313897,0.719418799640923,0.325540894243174,-1.71036709701072,-1.13192713472569,0.340423639319994,0.143548713768124,-0.442293849393488,0.454623558745953,-0.683752384882239,0.534154186105461,-0.640260093709634,-0.55690280633443,-0.302544598650594,0.172201789725583,0.880990354474812,0.491352261276279,1.60451531048638,-0.367540838253819,0.533878526133037,0.226255181804824,-1.1411080707002
6.67196415288641,0.717085306183307,-0.0319486441140211,-0.951788699041705,-0.609102335760798,0.943741558181783,0.380923545647631,-1.48859187007376,-0.272396983310546,-1.78868718525145,-0.53873463662931,-0.525218434924665,0.0313680763862886,0.243236505935239,0.580953464468604,-1.04773130056597,-1.24742926995013,0.996577111272705,-0.244462990375969,0.140699565212953,0.507535663086569,0.835709370640003,-0.218991514458299,0.305885930398919,1.31369149770295,-0.439445306948603,-0.299792060261044,1.56648535314119,-1.28944276127466,-0.763742138749216,0.152483307276246,-0.539090233799378,-0.856746623918197,-0.424212344467744,-0.0506869248302361,0.0217780420213738,-0.82817308124753,0.213133525289852,-1.00241919130262,0.271836124889867,0.609756518933245,-1.09791881246188,-0.091483742268049,0.700072603825292,0.821165824160435,0.0835256245256479
1.97287849910638,0.852932243448337,0.555079200314439,-1.42361117036591,0.873981962025567,2.04245668913737,-0.37973154577418,0.413310693357008,-1.50084382854024,-0.145206813329768,1.32892235928021,-1.05358575483554,-0.0478483206024742,-0.0083453674754837,1.50217748242265,-1.11994950862838,0.960986717397569,0.794674009255508,-0.396281060774845,0.625372956023304,-0.753720005432443,-0.707498503505194,-0.0904799245801797,-0.25179918278405,0.403065158011886,-0.343317930967711,0.36979306461528,-1.63470129442806,-0.219149020975851,0.263475193588143,-0.276814969332145,0.769090543955586,-1.17319246760418,0.252672386690954,0.406568301132644,1.08072862171054,2.30691317335368,-0.761055961411521,-0.654421849452256,-0.87109157658616,-0.429576094714242,-0.0692238321342452,-1.17038260932977,1.1164314284017,0.113194835534306,0.106135074092063
4.61006529921456,0.502613066198571,0.48136789310414,0.901645977816468,0.806652096105838,0.127422912297038,0.542927331148673,-0.282525261703816,-1.84806561795472,-0.204511045815871,-0.814181177272773,0.671490892399967,-0.0670789711479655,0.764824773985421,-1.04962493846531,0.499859934835936,0.150191826330045,-1.05460236378896,-2.01217257515502,0.132606475574715,-0.926242969339897,2.17792264795931,-1.84647519179919,-0.248243192117913,-1.13658391327764,0.706512081231877,-0.374873109147736,0.90049498664101,2.1324963037564,0.39823374424804,-0.271634844231647,-1.90185941941798,0.0209066586102286,-0.493824016355897,0.439924893962255,0.715468427626934,-0.0364976301178366,0.38661591824586,1.54571591965987,0.567596822441597,0.254923036380601,-0.40188769668149,1.56320146544188,-0.0390881322460512,-0.193169604714639,-0.532698536755908
3.95753074119054,0.68161869852669,-1.69039393902035,-0.151877603322231,-1.18049470852691,1.08635041912318,1.88260099347725,1.32185096805966,-0.0883675840039421,-1.09400964732293,1.40035785953654,-1.40908972633322,0.326131907460109,0.51253407187874,0.705841586378427,-0.374356665545562,0.288273515398325,1.09315854305492,0.766096244274289,-1.69271678109724,0.547316744225414,0.276685157242708,0.595255444804297,0.127320004456911,0.461867978499369,-0.201785162656312,-1.04080933531695,1.03791714424218,-0.0653180313847529,0.25559510116299,2.57575398670737,0.134116936034077,-2.14655882172045,1.20060911519052,-1.88582265451345,0.473413803587698,-1.84311241638646,-0.121018651110682,1.000615481733,-0.217813673637609,0.328656793735058,-1.92556409722999,0.542006970774074,0.409308840198564,0.573293354638027,0.92145315745263
-4.05931365331268,1.00508544714689,0.914523742198916,0.125133489386114,-1.92856095264664,0.568995924132678,1.20135334623993,0.899313011078453,-0.500861419771856,0.520714369626,0.305500278737628,-0.288412226591999,-0.421608532099429,-0.295963665486802,-0.640444937990582,-1.04802913099166,-0.639305719175118,-0.647435611330759,0.647992610738934,-0.551744792391355,0.88002954547879,1.19950319838332,-0.703923386004784,0.0116460757072413,-0.130374521795358,0.533939625688747,-0.0172969134847999,0.52827729333162,0.260300871076961,0.122467733262873,0.959728081921896,1.60961642931599,0.78941174239797,0.87786680968489,-0.329180005486183,-0.98711121762143,-1.88051217347177,2.28759869086494,-0.4005980428478,0.798342790619313,-0.814936686372944,-0.303648670512487,0.75194439719524,0.465417377049888,1.27242157741191,-0.64659817514337
6.41018774231184,-0.454478636703038,0.498168910542035,0.657106751413149,-1.4377272231545,-0.0684600768160309,-0.665881519448088,-0.805127160471278,1.15998266702409,-0.268357654776973,0.516486060670187,0.708353914836133,1.24339636726321,-0.0492993883767162,-1.16232382911467,-1.97173758444331,0.466831325083044,-1.05813085750255,-0.982610885687128,2.47538855378387,2.34040044179086,1.57799699807729,0.110493881847572,-1.50316178401424,-0.962499118994199,-0.831368941385541,-1.19779769165032,-0.0463876960762374,-0.561756591745384,0.224084938914379,-0.440152348518545,0.593403823379081,-0.768016160601375,-1.27738292809896,-1.13533172173576,1.64671362581338,0.893875299336459,-1.50983085354973,-0.557814259515361,-1.0213869352914,1.13115082640529,0.193650259509893,0.564877967279175,0.339328128930138,2.20045305899911,0.684559419578714
3.58018440509299,1.06454824485112,0.226069170008099,-0.782094649747554,1.24066347935291,0.309024527298027,-0.50743912919293,-0.531241562314315,1.18952496593511,-0.92685925879253,-0.339129587915024,0.127499193954491,-1.2787566702758,-0.791703107081902,-0.95624801158055,0.192290270039963,-0.747324924946138,1.615273825802,-0.822121412468773,-0.361351359927046,-0.178815116150958,0.652004565311311,-1.43470469896546,-0.0621837484795965,-0.159787934676487,-0.968677186649452,0.695299053968077,-0.251731670798039,-0.0447250708572126,-0.924470194202037,-0.432659858496905,-0.583269763242253,-0.563539591435757,-0.714153478276902,0.53666116476226,-0.515142889285324,-0.424023986600589,0.57726619011207,-0.0589076472813985,0.969905290054511,1.10916713283012,-0.378950481519762,-0.446563781547558,-0.398308386676034,0.489106184708977,-0.0466366474832063
-0.493717970992827,0.371068403477637,0.223337242986985,-0.276057727462936,0.232932038892099,0.603229100127773,-0.564455402210876,-1.76499372147975,-1.19144173740216,-0.25634212917318,-1.10554704872829,0.0313524481369025,1.44462388235239,1.13175216878737,1.49502408816283,-0.315475936820411,-0.29778323156295,0.263468092424106,1.08978355346671,0.281847484742326,-0.870415906885646,1.60020637816903,-2.2394994923507,0.149287164484912,0.670646934164951,1.77364718716382,-0.0933786215009828,-0.736058468725196,0.959123795295951,0.323454490193576,-1.09315046115185,1.31036367958888,0.277867128853314,1.48766418532324,-0.386054699141626,-1.81329239163101,-0.2014449285786,0.688179792701092,-0.595512435039916,-0.442975777579682,-1.52856132156281,-0.619606266330636,0.735137690323228,1.17858053023256,1.64909354151315,-0.181484014477132
0.444097647183626,0.208384395717871,1.36824089539837,-0.824651553961308,-0.0629898485132113,-0.809324541868565,-0.258288451912816,-1.38236500826722,0.319954765501324,-1.94079260799377,1.04460193562025,-0.987950419954443,0.274727413654872,-0.194274521434465,-1.59063417144357,1.17024551809508,1.48237816138453,0.474297749579698,0.431304398187918,1.89132860952933,0.0848606379109266,0.391549286661527,1.46759362279967,-1.15764020802017,-0.547579590012931,-0.412877961444895,-0.531734111367148,-0.114571414927529,-2.13726506208857,-0.821478857786529,-0.268009684258672,-1.88418177209763,1.29891628132615,0.271341156903034,-1.03103405602888,0.550752016046332,1.55117955095148,-0.794257429770336,-0.980439465618028,0.953535344901797,0.480974072857926,0.0618612173408069,-0.209705403212306,0.17501152889118,0.641697541410359,-1.77286010188834
4.83938177744827,-1.13648890823693,-0.15487394492094,-0.605911175407522,-1.30097626325916,0.636633052412912,0.506458454311661,1.00901674154538,-2.43427919535876,-1.40086853235029,0.490186110347927,-0.740816325732955,-0.62151812205894,-1.13581383006466,1.27909301929501,2.01313968561996,0.688701567268134,-0.444466937111107,1.15732531435824,-0.001128586309722,0.922248110469652,1.76336954092674,-2.17080378494653,-1.92039087452611,0.0575171283264204,1.11563817756734,0.299540056596009,-1.19018496427031,0.833290007416674,-1.19271526684162,0.987708921050518,-0.647737731907849,0.88728082254563,-1.00448867819622,1.99009142215626,-0.0783863422197655,-0.740044825045186,0.660527714317764,0.368022835478927,3.6635444156411,-0.128735319286948,-0.342860006586555,-1.31530298212004,0.437574305885512,0.450310126162827,-2.0019286871675
1.48037716918959,-0.485787591518083,0.37297175299564,-0.356119587737511,-0.250281004899364,-0.214212480543739,-0.779251698338749,-0.401379023627459,-0.60395863877864,-0.548211977842284,0.0651751258761396,-0.22705414566118,-0.542744735234881,0.258184904902297,1.41340076099002,0.385155754898073,-1.743487664286,-0.665168381633102,-0.873805521919501,0.497465730474363,-0.289810561489126,-0.298027313356072,-2.69605892702694,-1.49797176271414,0.0158463863021464,1.07554724687998,0.597674131952391,1.07100052754809,0.103920949142906,-1.4637833361514,-0.427531700014814,-0.476356801592595,-0.466633624951139,-0.212696560671016,1.36550637239857,0.879219094872802,0.890912593093178,-0.708388938846501,-1.13560802882169,1.86823888784586,-0.806828501383898,-0.0096261725380531,0.24611389038014,-0.2881933967502,-1.14922049358548,-0.184968416632991
4.40143942313365,0.44647502072209,-1.71039814807905,0.137949058944671,0.205656323493187,1.73248515018266,-0.606729695287747,0.685057731968602,1.72119836096131,0.588592893548976,-0.330118799302422,0.572685454108742,-0.145627453658772,1.51766670539558,-0.0957253848502659,-1.47059443935124,-0.618650933201941,0.20473674407358,1.05544721875129,-0.233755035946555,1.0097402457292,-1.2198776172096,0.628481603055502,-0.0055547608844106,0.289795316787723,-0.713541817169339,-0.563918108644403,-0.489862211758281,-0.624433355544853,0.851553070861816,0.560443609095651,0.600812364289363,-1.61903485223279,0.754035222652302,-0.3465202639803,0.282499832964201,-0.653509072897347,-1.5554594484856,-1.33576232591901,-0.888673493287354,0.941536683094436,1.65416318361206,-0.536890729872396,1.0172852539613,0.767962147310563,0.917656021516466
-4.12959066861306,-1.46512802800012,-0.475933127685799,-0.717437479333843,1.79176964302776,-0.55180689350521,0.138735700059128,0.474541348487031,-1.324581367908,2.08791697429914,-0.40350313399826,1.47570810077491,-0.106311113176854,-1.1871510640328,-0.0362542544772654,1.28739181367101,-1.76542188834574,1.67970668125658,-0.471832912386469,-1.35403743547392,0.64907604877499,-2.12000090397794,0.21373472331056,0.364929707665913,0.207161995074463,-0.550306740952609,0.687879108127279,-1.01984100618365,0.404940692986243,-1.67866277987958,-0.964133766219187,-1.08118444758721,0.245681294526601,0.0948732529322395,1.10162251371017,-1.2665464436746,0.110225941457769,-0.844587569718493,0.59554552538077,0.426204203186076,0.295485918456886,0.112124248228558,-0.239170825063846,0.367866219307586,0.678448965414478,0.609258437416952
-2.55896749121328,-0.249245785866859,-0.555296985725071,0.0946218249648096,0.644371446736068,0.979667789519412,0.349434917980362,-1.66276128189506,-0.0750919091939586,1.90687739384504,-0.958552554209158,0.691458014240236,0.701240681785664,-0.869148663515628,-1.87242768467237,-1.02069299527762,-0.908430160757332,1.11595112392437,0.923537057810191,-0.304155510665022,1.76532390824351,-0.874573114307889,0.749510062256486,0.227968515104055,-1.17573527930192,-0.0634151101125833,-1.41651119088553,0.839637037208323,-0.0526195395048381,-0.238890795897094,-1.05093243408458,1.33218147870615,1.88751825806568,-0.317862189217259,-0.0598763117669111,-3.01715947712115,0.649338841359817,-0.949780097542494,-1.11402045254092,-0.641638034984561,-0.634890717847559,0.855591871166442,-2.2157982905867,-1.86505840585134,-0.309167529344442,0.557150119370609
4.68342200393291,-0.64092358951686,-0.288804020034298,-1.08192404314821,0.186946436700429,-0.706265430217298,-1.25788332479531,-0.385883108011976,-2.31642680013264,-0.0613914436074084,-0.767219523372434,1.37872277901682,-2.96037682304796,-0.391363925334428,-0.647597703177169,0.144260175865516,0.219194338606483,-0.245471644910679,-0.858200347929139,-0.0001584870215683,-1.25099269597432,0.983898553190138,-0.223690901628207,-0.875849509006642,0.46077276495749,-1.53286996654821,0.233426014623341,-0.0260792718758555,1.22995212068461,-1.37742401176734,-0.680530051453257,-1.30561530299046,0.699808627335712,-0.74144816477756,0.596443244209888,0.690007270807227,1.29787067060699,0.430097007829165,0.543262967925517,0.615042487123363,0.176663090060285,-1.18782375223937,1.34649984186563,-0.0339020133021712,-0.832710733330502,-0.211350207821031
7.29970151676331,-0.657485403648045,-0.906903518161286,0.236421223064251,-0.632636814075884,-1.46961518724865,-0.500355110986276,-0.426883008843669,0.506147449586549,-0.955892548281035,1.11761116906779,-0.450842471501273,0.685477344225229,0.560280483999197,-2.22457718152416,0.506522560367999,2.52835363199123,0.526152267505455,-1.64544072041576,-0.211406106019871,-0.547998625703501,-1.03161818223859,-1.10541720159603,-0.0768134095280562,1.31317632952539,-0.301026031601938,-0.321363149192475,1.72259307397802,-0.249654528174141,0.410508669727966,-0.138543550952348,0.246042683530148,-0.0558894604921265,-0.317596057691579,-0.33748138901227,1.4168559562808,-0.548635684273374,-0.224243191764503,-0.607950606959467,-0.247282652389407,-0.417002285831039,-0.287212727623134,-0.0767971793720117,-0.675491125628059,-0.957030068289056,1.68141018345531
-3.38078343633383,-0.83202794238694,-1.10468421811344,0.139253260018809,1.10981184376114,-0.149819303588732,-0.348995086499081,0.968703208071528,-1.55438331199644,0.969351156795474,-1.27555283327376,-0.265303075391491,-2.2531289694139,0.157987565538746,0.496162884887325,-0.122002969789841,-0.986746878630735,0.933570945130447,0.534313866179343,-0.957701407386544,-1.46498182052903,0.0638799932824811,0.793865923772446,-0.554847777563754,-0.17032612999876,1.32353301088541,-0.0571019481672007,0.724605553778502,1.42655348905141,0.16736372030251,-0.26197915925951,-1.08929931601685,-0.458431989599551,0.630434394892763,0.157990705597221,-1.36653267566224,0.503052615483497,0.436580146285322,-1.80217887673045,-0.299377074635927,-0.3196249575268,0.675292882629841,-0.118149897809635,0.522055699403062,-1.16801598962329,-0.781289839136832
-2.20393919302703,2.21046833288199,0.33403652049053,1.90596106290871,2.03289414685575,-1.04742803482462,0.0123340451358368,-0.950316505408266,-1.95187960120872,1.3550372096058,0.78730622779659,0.585545771947227,-0.566595981980635,-2.03716301583189,0.432605129168117,0.394106460113827,-0.39351613110192,-0.515019575777767,1.27921195409769,-0.767184539704893,-0.0377099621265033,-0.515173645812851,1.02095917485604,0.684930096164278,-0.688190991244975,0.315434988938757,-1.71771371663771,-0.315528788718315,0.0515454462375092,0.380379842155004,-0.774245223905854,-0.179515425627064,0.210753198862954,-1.47587916967472,-0.164673936054999,-2.07854520290365,0.90666162089328,1.0458135622049,1.16732731985849,0.988304571370656,1.22591773339725,0.370263523913082,-1.31780051921059,-1.58102651092159,-0.0655363228010231,-1.84671608516601
1.80417013745806,2.07404772921315,0.001317454885679,-0.382109543451816,0.148603932965159,0.511501287289742,-1.05255085513961,1.72621333589104,-0.618454357128476,-0.104412560222376,-0.533689625737012,-1.80510147289431,-0.581197476429471,-0.590993156700115,0.461373039074327,-0.214130514484923,-1.37359413953929,0.496967586712503,0.140065913703668,1.29387079099208,-1.21393327544712,-0.56566274598995,0.730280744833831,0.0301060002991894,0.435043068584156,-0.186370013285393,-0.202961610082163,0.0482417044559978,0.232124157051678,-1.79648106493196,0.567859876439756,-0.678909042269439,-0.859815748120004,-1.16600930885393,1.84118957830416,1.40318605691758,0.0960195999205718,1.88484786709272,-0.170849954628557,0.147763506464928,-2.18987039241416,0.328742443932594,0.233828537365798,-0.716392617676443,-0.542915161036938,-1.82019410774451
-6.58585886178124,1.20557839718979,-0.864111510590087,2.37193236297216,0.376928931446793,1.81420879427995,-1.18179634289641,0.865303992806643,-0.125692778088005,0.808961490897286,-0.593006819048302,1.56958506200671,-0.846297808921416,0.761873894578867,0.851854908868771,-0.348243551640956,0.674987648492617,-0.253178361357963,-0.164180190031625,1.52992844417327,-0.260869205348416,0.328062417528094,0.137856557907022,0.465399901961829,0.0018215743805425,-1.20101640903527,1.50906060489033,-0.0504464623460879,0.788195673263804,-2.00240386673884,-0.0937665175868803,0.583684736070977,-1.31684511608768,-0.0513567307751889,-1.72752906086242,-0.685049437620261,1.86384142918618,1.58656239710622,0.0706113628774742,0.12598922088755,-0.827927003931384,-0.366660579909137,-0.0972635392979135,0.730914869061618,-0.46909516297606,-1.51142624591746
-0.33766778068018,0.612563127583393,1.55200072603155,-0.656470423418969,0.615717032927879,0.727358570870647,-0.402486657638,-1.44215788895997,0.0195459669771657,0.986271995832944,1.51339454175166,0.0777354311284747,-0.364089423484078,0.640171289432217,-0.574655137343936,-0.664473813013671,-2.89829615201595,-0.62484360866023,-0.946894152946132,0.647298858246495,1.52065086527295,0.931152639004403,0.724812888376702,0.227553359080243,1.20530117373153,-0.291285836255024,-0.380639991853876,-0.872217269833193,-2.31290467676365,-0.846120697912956,-0.165077214029701,-0.379296794305356,0.0102398064268594,-0.238440333664547,-0.613876804272664,-0.496605534135881,1.50985114832879,-1.52860666805086,-1.06049789818447,0.624660451794446,0.978622234317182,0.453910009453659,-0.242165782903924,0.947570002260606,1.10738674872267,0.340935248087054
3.76618007851667,1.63815734342907,-1.50884797747468,1.06524588731504,1.19398183205462,-1.05066072836546,-0.91882583253577,1.15153241664434,3.00084717103338,0.873557811556254,0.951048576846048,-1.49983029397368,0.33070699358749,-0.2577605401166,1.03289581084304,-0.302118499389754,-1.36070300613774,-1.94448884928447,-0.842565525158728,0.306720537729883,0.0266834632886044,1.02304817405021,0.211562686435092,-0.117117513051872,-1.01628560878806,-0.267388915223832,-1.40018987842027,1.36753088893926,0.230167874221189,-0.74108826990608,-0.193785865122867,-0.30845808843679,-1.32336491039622,-1.40273261374873,-0.453040985433667,0.344954047414619,-1.7583877968803,1.11865717836083,-0.295339336122584,-0.451583846967833,1.74235205423664,-0.0578684728673376,1.15600305041734,-1.61430942174785,0.0037905555377299,1.6999452484923
-0.139084172123695,0.952932583181331,1.12856584640563,-2.72657617016363,1.47115247714778,-1.54573649418427,-0.37452342002798,-1.67042363747168,2.17430703690947,-1.21414105154772,1.33518377819022,0.863284342322474,-0.632476776600414,-0.120001260418395,-0.404865952142253,-1.69618295840462,0.238927100966423,-0.0253059964333544,-1.28987520984002,-0.881591075277676,0.282081965512287,0.431167831458667,-0.49672640741877,0.216620191841764,-0.507431822283345,0.0269635183607518,0.87189902998838,-0.751057358774552,-0.0021303087154857,-0.65171600012283,0.928643864262831,0.449169808058541,-2.10818405985177,-0.73883807917949,1.08719523288169,1.95648322599543,-0.375996514310424,0.332172596263076,1.54759513559287,-0.206072709996985,-0.0348069468098331,-0.70199766338823,0.287448635858278,-1.40935664745851,-0.971045174835951,-0.20839813094568
4.42566960119914,-0.582162264743584,0.0139936077370894,-0.24682472330516,0.225203689824103,-1.09882558433801,1.18039460499857,-1.06932245640356,-1.74618456210275,-2.10790786099054,0.341146934187484,-0.566881540920184,-0.297007940144081,-0.175224057209169,-1.90155087083343,1.51743516996788,0.313671115805343,-0.865331057909465,0.0949048049566655,1.64295290822278,0.913450279918564,0.526570510396187,0.305746281991336,0.890471518368962,2.26533479025097,-0.930747964489836,-1.38532953078616,-0.372900030468892,-0.431173223211039,0.950730104963588,-0.84159721016538,1.12235273060012,1.22245917402784,0.0776226234129178,-1.38476687543076,-0.460843506273795,0.0522742934289257,-1.08401890535914,0.376899279430258,-0.374981390804847,0.695570059542129,0.580683125284013,-0.872856341839168,0.111682887413099,1.13053611302816,-1.30702915039205
4.64283344941329,0.406920462439871,0.575269217172405,-0.829782480738788,-0.392996622294483,-0.212683878148895,-1.36314797265209,-0.619437367403658,-0.552419358652943,0.345788842997238,0.317156948671716,0.469155245552016,-1.01246041203375,-0.535479785828455,0.155327711454192,-1.35346641449528,-1.04013194149492,-0.0363232298159944,0.925925089667811,-0.461802033845296,-0.885913785312441,-0.483326682835512,1.20450939634963,0.310218173529085,1.48145618727918,-0.652730384466504,-0.878874961574543,0.632305481806067,-0.700684294354882,1.19809129779672,-0.281327669486447,0.707712424281853,-0.484444656278824,-0.634907769197527,0.597749955637383,0.0035480029630194,1.36328606455174,-0.407619483730666,-0.13666849156992,-1.51251714359558,-1.49696940780968,-0.167485698360284,-0.995842406859343,-0.801949880910347,-1.56934105849014,-0.600424807990134
-13.6295311849881,-0.121001106563665,-0.518672933858317,1.6014730876592,-0.972131098631371,0.829178722279842,0.735227187212148,2.51569751600223,0.776610717849764,3.01844320724683,-0.589036969263634,0.818731688942489,2.87000991287971,0.627110642044965,1.25925323501024,0.277936600507708,2.32683053576627,-1.15808850345282,2.77710198797078,0.60379181838449,-0.571656278529115,-0.995831881418261,-0.979340468472518,-0.994625561997947,-3.06448839145957,0.843722144961766,2.60056400065714,-2.07141221208969,-0.204903740988237,-0.678613996290981,0.0774762601037966,0.432092824940213,-0.17615264141782,1.23877313435788,1.79971438122144,-0.0855135680107212,0.0050746471289162,0.192324410809656,-0.509177498084687,0.708902069678542,0.124877719624242,2.14218566859561,-1.24473530901558,1.04418935642285,-1.19506205004954,-1.18935820920876
2.25691857717656,-2.0875140168707,-0.10367498415695,-1.02926788875571,-0.497659302489478,-0.83448533320457,-0.271105592500702,1.45913126140074,1.45951143480431,-0.75302020829338,-1.17546394063218,-0.199103896365959,0.86709953944759,-0.275098769034488,0.793968923057859,1.06852498908437,0.509417936800169,1.2908074904424,-0.190277277716096,1.29330567209658,1.15260305920497,0.198672000166694,0.744237885236072,-1.1038179131956,-0.738534687938524,0.112080575969624,0.156431290261316,-2.52435482082193,-1.35352148300995,-1.49294845952116,-0.275830215817736,0.365000639886036,-0.278739441726455,-0.0351128474412866,1.04255353639837,1.70181146745134,1.45918681818348,-0.536649928096147,0.702748283466028,-1.02150386663527,-0.0156754331345332,2.58030132330708,0.45030269640537,0.354726370847348,0.255632059675491,-0.299197609743859
7.44422486795802,-0.711577899944228,1.7401449679383,-0.419666910277951,-0.482086850632062,0.209745414617025,0.233375512123143,0.903895283217343,-0.748891041515529,-0.845490472922942,-0.864012162465338,-0.95514752538578,0.85919192764495,-1.2033188892252,-0.482261267653226,1.09223064543611,-1.15658186669584,-0.908460833569773,-0.405982792267161,0.472823235950303,0.0576921789467707,-1.33236603523309,-0.584623211177979,1.33447439642471,1.01590200578247,1.96898049100547,-1.34911388082033,0.698995100061981,-0.703086795778495,2.09476540645739,-1.55871732790136,-0.122678254706506,1.9274255386742,-2.38617317113606,0.573466736352852,-1.10627223151457,-0.796231760244433,-1.04478005383395,-2.08457540120436,1.26687825374628,0.685462411576939,1.53328665932262,-3.00795138146688,-1.62887212822531,-0.257947064596606,0.623755037474609
2.67868005676442,-0.257906979353515,-0.395375657822332,1.01005436065511,1.38492945823077,-1.26901324003607,0.691931335851999,-0.533590755440794,0.141325349326391,0.0537344054508662,-0.463006013952899,0.570912885671509,0.132445021692829,-0.0359304544225069,0.850233201038289,-0.201885237366634,-1.11303766897955,-0.174727313076807,0.400173337071481,-0.851621952878933,-0.254463821920901,-0.468250624658462,-1.29237437676786,-0.531894900441493,-1.63254923481029,-0.53143927927156,1.02765868927922,0.322868682212691,1.16499337288333,-0.345089331100533,-0.65927715368452,-0.445591013794266,0.641890339503969,-0.771744237856014,0.396120776410161,0.253441085064,-0.884960450610597,-0.748381238007746,0.757600989483062,0.721067216412191,1.6262331916612,0.0707648917864032,0.880747383020613,-0.116707451333123,-0.736592859546599,0.850670019546894
6.32256048321816,-0.659515235949197,1.11590858413187,0.980688794971605,-1.3445138286315,0.0637806589021045,0.462689736806974,0.866677918519816,-0.341733827082989,0.465097774375794,-0.918344534064592,-0.903251186266191,0.175773994520608,-1.74280435306264,-1.71519260089026,-1.37952887273827,-2.66982460974979,0.0030673163054055,-0.629035108964815,1.00549422362949,-0.0767410328458127,1.00095747628323,-0.651206579424421,-0.878351291821066,-0.286403870817246,0.869562482844187,-0.0201267534300776,-0.443913917928212,2.70374448818809,0.195007560254378,-0.0121812037731486,0.384657583462242,1.6511417574383,-0.986588466297337,1.66936708545364,0.0252202228200609,-0.129283146573907,0.196502974446091,-0.706023649456629,0.07651028665378,-0.663846863104544,0.690705694824458,1.15656967848446,0.984029460512878,0.545492190057252,0.545873999322632
4.86717317850179,-1.13981996749283,-0.795861269580313,-0.228704789646008,0.0897000613660947,-1.47769581475914,-0.264914758813366,-1.39275947833606,-1.50829905368486,-2.70316909752532,0.104449727788263,-0.205423183625762,-0.648576997649237,-0.495180445001898,-0.541449370894906,2.57902163540079,-0.18126666178735,-0.129963850736937,-0.615978153392319,-0.256401317145108,-0.29321897847551,0.524443837771956,-0.764116335014169,0.435580121141987,1.31247990425364,0.48976668976182,-1.42595451717684,0.125633883048645,-0.0908017704270768,0.871662561911747,-1.28454467844949,-0.97821519784872,1.23824439852263,-0.70477285953894,-0.427176745868549,0.0652374010017197,0.269944441228793,-0.0420452475914158,0.731416159729852,0.832343296361579,0.476173950476572,0.861780336211642,-0.235502200048187,-0.133010311005143,-0.449705085783132,-0.113547237984582
-2.4949116230885,0.858166099764913,0.80236912770621,0.262208759716752,-1.08228028703024,-0.802231089783703,-0.949257320458667,-0.51942035992247,0.524961565579548,1.00662134174469,0.691343539366695,-0.880672038011987,1.04588557622429,-2.10636618667341,-0.36658892547011,0.629178431863,0.225726555962321,0.612489880821187,-0.284083201402046,1.09496228743288,-0.160964287928801,0.0218667772407955,2.13127688509299,0.597720441979938,-1.20385634683821,0.876710160790488,-0.841224361183304,0.982372310617611,-0.468882171774626,-1.07016593925057,-0.601396826746483,-0.233406117008946,0.426941315890513,-1.37069597489749,1.14195864492054,-0.209169829028138,0.868918496106663,0.200518995756195,-1.06135562511962,0.329109102243939,-0.791039902840425,-0.12709710347687,-0.435989403150346,-0.854551168863592,0.686589911296787,-0.755549251201113
